school,sex,age,address,famsize,Pstatus,Medu,Fedu,Mjob,Fjob,reason,guardian,traveltime,studytime,failures,schoolsup,famsup,paid,activities,nursery,higher,internet,romantic,famrel,freetime,goout,Dalc,Walc,health,absences,G1,G2,G3
GP,F,18,U,GT3,A,4,4,at_home,teacher,course,mother,2,10.398616934234555,0,yes,no,no,no,yes,yes,no,no,4,2.541398507108281,22.29134471509216,1,1,3,26.01826898296378,5,6,6
GP,F,17,U,GT3,T,1,1,at_home,other,course,father,1,8.607463800273699,0,no,yes,no,no,no,yes,yes,no,5,7.571064596210138,21.21566339023662,1,1,3,24.19960703151381,5,5,6
GP,F,15,U,LE3,T,1,1,at_home,other,other,mother,1,13.7341825369403,3,yes,no,yes,no,yes,yes,yes,no,4,7.680921653233843,15.43804371960898,2,3,3,17.87383070106529,7,8,10
GP,F,15,U,GT3,T,4,2,health,services,home,mother,1,21.653162084538405,0,no,yes,yes,yes,yes,yes,yes,yes,3,13.62132990947659,7.92399534627669,1,1,5,7.158494914798707,15,14,15
GP,F,16,U,GT3,T,3,3,other,other,home,father,1,14.556627328298836,0,no,yes,yes,no,yes,yes,no,no,4,6.6709072712959445,15.639511542750787,1,2,5,18.20412867832504,6,10,10
GP,M,16,U,LE3,T,4,3,services,other,reputation,mother,1,20.31060866162865,0,no,yes,yes,yes,yes,yes,yes,no,5,11.774449360124336,6.536564684792211,1,2,5,8.812988981787846,15,15,15
GP,M,16,U,LE3,T,2,2,other,other,home,mother,1,15.719376352510276,0,no,no,no,no,yes,yes,yes,no,4,9.472664097614318,14.634296626382037,1,1,3,16.274490931999914,12,12,11
GP,F,17,U,GT3,A,4,4,other,teacher,home,mother,2,6.232513684434554,0,yes,yes,no,no,yes,yes,no,no,4,3.5375718373388145,21.14819498310766,1,1,1,25.129418635151026,6,5,6
GP,M,15,U,LE3,A,3,2,services,other,home,mother,1,27.528392035212907,0,no,yes,yes,no,yes,yes,yes,no,4,20.91230508925597,0.8361333510778667,1,1,1,2.4123613436768583,16,18,19
GP,M,15,U,GT3,T,3,4,other,other,home,mother,1,21.222343310694207,0,no,yes,yes,yes,yes,yes,yes,no,5,15.612267279296365,6.777602996910683,1,1,5,9.788767025675991,14,15,15
GP,F,15,U,GT3,T,4,4,teacher,health,reputation,mother,1,14.41644630958427,0,no,yes,yes,no,yes,yes,yes,no,3,10.35328202991412,16.70487916047881,1,2,2,19.590027634083295,10,8,9
GP,F,15,U,GT3,T,2,1,services,other,reputation,father,3,20.220286812260863,0,no,yes,no,yes,yes,yes,yes,no,5,9.858309152528,9.942074121012103,1,1,4,15.691969701910955,10,12,12
GP,M,15,U,LE3,T,4,4,health,services,course,father,1,18.804264410751625,0,no,yes,yes,yes,yes,yes,yes,no,4,14.047301907781865,10.279045084562595,1,3,5,11.740700595665064,14,14,14
GP,M,15,U,GT3,T,4,3,teacher,other,course,mother,2,15.211577726213784,0,no,yes,yes,no,yes,yes,yes,no,5,12.609653928629749,12.389624311141834,1,2,3,15.521577573575621,10,10,11
GP,M,15,U,GT3,A,2,2,other,other,home,other,1,24.545433907552315,0,no,yes,no,no,yes,yes,yes,yes,4,16.075482463813504,6.955199469508964,1,1,3,7.2084283518070595,14,16,16
GP,F,16,U,GT3,T,4,4,health,other,home,mother,1,19.8855675676114,0,no,yes,no,no,yes,yes,yes,no,4,12.634073402392977,9.817263256253158,1,2,2,12.088541931534094,14,14,14
GP,F,16,U,GT3,T,4,4,services,services,reputation,mother,1,23.261973014879256,0,no,yes,yes,yes,yes,yes,yes,no,3,12.9501634444325,10.45667118058172,1,2,2,12.664015406125266,13,14,14
GP,F,16,U,GT3,T,3,3,other,other,reputation,mother,3,18.1200652502724,0,yes,yes,no,yes,yes,yes,no,no,5,8.329066552137784,13.18941061462937,1,1,4,17.999362323652147,8,10,10
GP,M,17,U,GT3,T,3,2,services,services,course,mother,1,9.705518853889574,3,no,yes,no,yes,yes,yes,yes,no,5,5.582543718300837,24.008115403047963,2,4,5,25.807695513673465,6,5,5
GP,M,16,U,LE3,T,4,3,health,other,home,father,1,16.157522298456186,0,no,no,yes,yes,yes,yes,yes,no,3,9.480630621658412,16.225484944477895,1,3,5,18.220594630700685,8,10,10
GP,M,15,U,GT3,T,4,3,teacher,other,reputation,mother,1,23.59560138817205,0,no,no,no,no,yes,yes,yes,no,4,14.421980344939469,7.656477190346464,1,1,1,9.364604098820818,13,14,15
GP,M,15,U,GT3,T,4,4,health,health,other,father,1,25.30669988414742,0,no,yes,yes,no,yes,yes,yes,no,5,14.442164653032211,7.757651808119703,1,1,5,7.918159283832031,12,15,15
GP,M,16,U,LE3,T,4,2,teacher,other,course,mother,1,25.915343564477176,0,no,no,no,yes,yes,yes,yes,no,4,14.401629192785474,6.750884042651361,1,3,5,5.044094415106448,15,15,16
GP,M,16,U,LE3,T,2,2,other,other,reputation,mother,2,16.746717824002666,0,no,yes,no,yes,yes,yes,yes,no,5,13.4529378175119,11.01769969598678,2,4,5,14.171179938800277,13,13,12
GP,F,15,R,GT3,T,2,4,services,health,course,mother,1,14.204523217631664,0,yes,yes,yes,yes,yes,yes,yes,no,4,4.181047865070198,18.91275470020582,1,1,5,22.643422663443054,10,9,8
GP,F,16,U,GT3,T,2,2,services,services,home,mother,1,12.43759388317028,2,no,yes,yes,no,no,yes,yes,no,1,5.652116100688027,18.461647356732588,1,3,5,21.184401735726123,6,9,8
GP,M,15,U,GT3,T,2,2,other,other,home,mother,1,13.677459203906704,0,no,yes,yes,no,yes,yes,yes,no,4,8.893142986146543,14.415085265291037,1,2,5,15.586856804106205,12,12,11
GP,M,15,U,GT3,T,4,2,health,services,other,mother,1,20.306364871272205,0,no,no,yes,no,yes,yes,yes,no,2,17.076620223333776,7.156098595048963,2,4,1,10.618553757298795,15,16,15
GP,M,16,U,LE3,A,3,4,services,other,home,mother,1,13.867152200631647,0,yes,yes,no,yes,yes,yes,yes,no,5,13.831849319623911,11.898821828591888,1,1,5,14.407247161144506,11,11,11
GP,M,16,U,GT3,T,4,4,teacher,teacher,home,mother,1,13.094458557341795,0,no,yes,yes,yes,yes,yes,yes,yes,4,11.857222010718212,14.398719255602062,5,5,5,16.9776484098779,10,12,11
GP,M,15,U,GT3,T,4,4,health,services,home,mother,1,17.148418588888553,0,no,yes,yes,no,no,yes,yes,no,5,9.881026953914825,11.949782760774427,3,4,5,13.566169969385953,9,11,12
GP,M,15,U,GT3,T,4,4,services,services,reputation,mother,2,24.84277031409932,0,no,yes,no,yes,yes,yes,yes,no,4,21.76429289232963,5.84577832223358,1,1,5,5.2808072538978115,17,16,17
GP,M,15,R,GT3,T,4,3,teacher,at_home,course,mother,1,23.256336916320084,0,no,yes,no,yes,yes,yes,yes,yes,4,12.802152776688184,7.17184336732787,1,1,5,7.409982668444053,17,16,16
GP,M,15,U,LE3,T,3,3,other,other,course,mother,1,16.24485181274262,0,no,no,no,yes,no,yes,yes,no,5,11.092995043420943,12.910879592781232,1,1,2,15.930462977324586,8,10,12
GP,M,16,U,GT3,T,3,2,other,other,home,mother,1,24.553809362361225,0,no,yes,yes,no,no,yes,yes,no,5,14.44392657952994,9.594001653458426,1,1,5,9.340611111205499,12,14,15
GP,F,15,U,GT3,T,2,3,other,other,other,father,2,7.888448278703936,0,no,yes,no,yes,yes,yes,no,no,3,7.1816134357348895,22.313518798711502,1,1,5,25.099708290446817,8,7,6
GP,M,15,U,LE3,T,4,3,teacher,services,home,mother,1,26.021747650271813,0,no,yes,no,yes,yes,yes,yes,no,5,18.455781336359333,3.696655247442268,1,1,4,1.3805104870292007,15,16,18
GP,M,16,R,GT3,A,4,4,other,teacher,reputation,mother,2,23.48703578388784,0,no,yes,no,yes,yes,yes,yes,yes,2,13.215287966642297,5.9027716555976175,1,1,5,10.030781136028443,15,16,15
GP,F,15,R,GT3,T,3,4,services,health,course,mother,1,13.566738064452288,0,yes,yes,yes,yes,yes,yes,yes,no,4,7.816413583976262,13.295398350876876,1,1,5,17.365906323491455,12,12,11
GP,F,15,R,GT3,T,2,2,at_home,other,reputation,mother,1,17.86888361274084,0,yes,yes,yes,yes,yes,yes,no,no,4,10.602097095716964,11.352855870093013,1,1,2,13.644637997288807,14,13,13
GP,F,16,U,LE3,T,2,2,other,other,home,mother,2,15.713534189516093,1,no,yes,no,yes,no,yes,yes,yes,3,11.870432395391967,13.092477380631744,1,2,3,17.20912854015899,7,10,11
GP,M,15,U,LE3,T,4,4,teacher,other,home,other,1,13.368559965802504,0,no,yes,no,no,no,yes,yes,yes,5,11.375783216034256,12.213587022909715,2,4,5,16.236610404247422,12,12,12
GP,M,15,U,GT3,T,4,4,services,teacher,course,father,1,27.62840959184524,0,no,yes,no,yes,yes,yes,yes,no,4,14.925262876332368,2.887915845143417,1,1,5,6.529801352631291,19,18,18
GP,M,15,U,GT3,T,2,2,services,services,course,father,1,14.146285731885214,0,yes,yes,no,no,yes,yes,yes,no,5,6.763117197295281,13.028879042191276,1,1,1,16.48091998026453,8,8,11
GP,F,16,U,LE3,T,2,2,other,at_home,course,father,2,13.476325213044856,1,yes,no,no,yes,yes,yes,yes,no,4,10.801483482146269,15.99583901374359,2,2,5,20.445334873139032,10,10,9
GP,F,15,U,LE3,A,4,3,other,other,course,mother,1,11.163067457895089,0,yes,yes,yes,yes,yes,yes,yes,yes,5,5.809319936882376,22.556787033810803,1,1,5,25.089624304354516,8,8,6
GP,F,16,U,LE3,A,3,3,other,services,home,mother,1,14.96587272746767,0,no,yes,no,no,yes,yes,yes,no,2,9.955110756444048,12.223889519559984,1,4,3,16.70619504897048,11,12,11
GP,M,16,U,GT3,T,4,3,health,services,reputation,mother,1,31.80283705853629,0,no,no,no,yes,yes,yes,yes,no,4,25.18435888706417,0.0339475823697592,1,1,2,-0.8404560128994149,19,19,20
GP,M,15,U,GT3,T,4,2,teacher,other,home,mother,1,18.915801101877417,0,no,yes,yes,no,yes,yes,no,no,4,15.575355817868058,10.8183610428474,2,2,5,11.262442476010754,15,15,14
GP,F,15,U,GT3,T,4,4,services,teacher,other,father,1,12.806590111695405,1,yes,yes,no,yes,no,yes,yes,no,4,7.588892300125015,20.290660574460592,1,1,3,22.749893530178205,7,7,7
GP,F,16,U,LE3,T,2,2,services,services,course,mother,3,20.84751100272973,0,no,yes,yes,no,yes,yes,yes,no,4,14.338907462991926,13.482148308514285,2,3,4,13.57542610559886,12,13,13
GP,F,15,U,LE3,T,4,2,health,other,other,mother,1,18.610439659473546,0,no,yes,yes,no,yes,yes,yes,no,4,12.872112225323765,10.572583523534195,1,1,5,13.044402067015788,11,13,13
GP,M,15,U,LE3,A,4,2,health,health,other,father,2,16.725684761567695,1,no,no,no,no,yes,yes,no,no,5,6.5484991357618245,16.224889689337118,3,4,5,17.543789675930125,11,11,10
GP,F,15,U,GT3,T,4,4,services,services,course,mother,1,18.69817725102275,0,yes,yes,yes,no,yes,yes,yes,no,3,6.663784585223642,14.58153109651516,2,3,5,17.67396370085427,8,10,11
GP,F,15,U,LE3,A,3,3,other,other,other,mother,1,24.559254648640675,0,no,no,yes,no,yes,yes,yes,no,5,12.415115230538191,8.836830162575755,4,4,1,13.514656144697511,10,13,13
GP,F,16,U,GT3,A,2,1,other,other,other,mother,1,14.767730725197316,0,no,no,yes,yes,yes,yes,yes,yes,5,11.82481322587342,15.39003764301467,1,1,2,19.552828963785107,8,9,10
GP,F,15,U,GT3,A,4,3,services,services,reputation,mother,1,24.642245659408864,0,no,yes,yes,yes,yes,yes,yes,no,4,12.630421137292828,7.636989698654558,1,1,1,8.649910194287928,14,15,15
GP,M,15,U,GT3,T,4,4,teacher,health,reputation,mother,1,22.66230246234509,0,no,yes,no,yes,yes,yes,no,no,3,11.16449821135481,6.382746497219655,1,1,5,8.173060951266605,14,15,15
GP,M,15,U,LE3,T,1,2,other,at_home,home,father,1,10.149463842527974,0,yes,yes,no,yes,yes,yes,yes,no,4,11.830927854714304,17.45174931595831,1,1,5,21.68997103829099,9,10,9
GP,F,16,U,GT3,T,4,2,services,other,course,mother,1,22.17523348881362,0,no,yes,no,no,yes,yes,yes,no,4,16.414262099636627,5.7201655394707664,1,1,5,7.4974829431383245,15,16,16
GP,F,16,R,GT3,T,4,4,health,teacher,other,mother,1,16.566216940416965,0,no,yes,no,yes,yes,yes,no,no,2,9.603235533604623,14.412823967197044,2,3,4,15.84125908179071,10,11,11
GP,F,16,U,GT3,T,1,1,services,services,course,father,4,20.23569549440579,0,yes,yes,no,yes,no,yes,yes,yes,5,11.750931925943084,14.707435765020891,5,5,5,16.596517894567167,10,8,11
GP,F,16,U,LE3,T,1,2,other,services,reputation,father,1,16.04802300566314,0,yes,no,no,yes,yes,yes,yes,no,4,6.37448035240797,16.824584584661526,1,1,1,20.819225915194476,8,10,9
GP,F,16,U,GT3,T,4,3,teacher,health,home,mother,1,12.843570007377394,0,yes,yes,yes,yes,yes,yes,yes,no,3,11.054234682699953,17.444482953523544,2,4,4,20.586796778201446,10,9,9
GP,F,15,U,LE3,T,4,3,services,services,reputation,father,1,11.72344180566633,0,yes,no,no,yes,yes,yes,yes,yes,4,13.511221160264812,15.860090411344546,2,4,2,19.250633364234396,10,10,10
GP,F,16,U,LE3,T,4,3,teacher,services,course,mother,3,21.586114810198755,0,no,yes,no,yes,yes,yes,yes,no,5,16.008900419650303,6.98676525896483,1,2,1,9.412908417781715,16,15,15
GP,M,15,U,GT3,A,4,4,other,services,reputation,mother,1,22.20578799001017,0,no,yes,no,yes,no,yes,yes,yes,1,12.893448055704692,11.712275927856354,5,5,3,14.056367167296589,13,13,12
GP,F,16,U,GT3,T,3,1,services,other,course,mother,1,8.993942433762923,0,yes,yes,yes,no,yes,yes,yes,no,4,2.966881213658515,19.77826883109748,1,2,5,26.9692103838538,7,7,6
GP,F,15,R,LE3,T,2,2,health,services,reputation,mother,2,12.863375223760702,0,yes,yes,yes,no,yes,yes,yes,no,4,8.29170523867126,17.969530658991086,1,3,4,21.900679511800973,8,9,8
GP,F,15,R,LE3,T,3,1,other,other,reputation,father,2,23.891838418650664,0,no,yes,no,no,no,yes,yes,no,4,15.09299191619637,7.730406776278535,2,3,3,7.879061712227126,16,16,16
GP,M,16,U,GT3,T,3,1,other,other,reputation,father,2,24.481431869395774,0,no,yes,yes,no,yes,yes,yes,no,4,14.931919650735653,6.474773031996263,1,1,5,8.747207832005621,13,15,15
GP,M,15,U,GT3,T,4,2,other,other,course,mother,1,16.897462878549437,0,no,no,no,no,yes,yes,yes,no,3,11.26647352612364,15.081500442867812,1,1,3,18.888162950614923,10,10,10
GP,F,15,R,GT3,T,1,1,other,other,reputation,mother,1,8.536430865099764,2,yes,yes,no,no,no,yes,yes,yes,3,1.0621386857939887,23.147521198879257,2,4,5,29.282178726609345,8,6,5
GP,M,16,U,GT3,T,3,1,other,other,reputation,mother,1,19.640602793564724,0,no,no,no,yes,yes,yes,no,no,5,14.374714561490002,10.859851134528164,2,2,5,8.922670566912362,12,12,14
GP,F,16,U,GT3,T,3,3,other,services,home,mother,1,14.148416371289416,0,yes,yes,yes,yes,yes,yes,yes,no,4,10.77755098694812,12.95150458551688,2,4,5,17.509277369263387,11,12,11
GP,M,15,U,GT3,T,4,3,teacher,other,home,mother,1,16.196101369177395,0,no,yes,yes,yes,yes,yes,yes,no,4,11.210310766246062,16.142036045892326,2,3,5,20.80259266455255,9,9,10
GP,M,15,U,GT3,T,4,0,teacher,other,course,mother,2,19.604987159697057,0,no,no,no,yes,yes,yes,yes,no,3,9.285793569941347,15.718486793934416,1,1,1,19.087171247816716,11,11,10
GP,F,16,U,GT3,T,2,2,other,other,reputation,mother,1,15.38570377005708,0,no,no,yes,no,yes,yes,yes,yes,5,12.18105643503429,15.552242387487166,1,3,3,17.33400707152702,11,11,11
GP,M,17,U,GT3,T,2,1,other,other,home,mother,2,15.34598109928407,3,yes,yes,no,yes,yes,no,yes,no,4,7.782661503050143,15.510856453054169,1,1,3,18.719935151030395,8,8,10
GP,F,16,U,GT3,T,3,4,at_home,other,course,mother,1,8.844155544983764,0,no,yes,no,no,yes,yes,yes,no,2,4.189776689805284,21.82259880181591,1,2,3,27.142805199379147,5,5,5
GP,M,15,U,GT3,T,2,3,other,services,course,father,1,20.20441285086856,0,yes,yes,yes,yes,no,yes,yes,yes,3,11.453334437377828,11.85628843210797,1,3,3,14.489537481687634,10,12,12
GP,M,15,U,GT3,T,2,3,other,other,home,mother,1,15.46306647685412,0,yes,no,yes,no,no,yes,yes,no,5,15.471340570875842,13.28865781783721,1,2,5,15.296835225434801,11,10,11
GP,F,15,U,LE3,T,3,2,services,other,reputation,mother,1,6.82828412174138,0,no,yes,yes,no,yes,yes,yes,no,4,4.983671923009965,22.44175858940804,1,1,5,26.413777415641267,7,6,6
GP,M,15,U,LE3,T,2,2,services,services,home,mother,2,25.130654883365352,0,no,no,yes,yes,yes,yes,yes,no,5,13.993202982495388,5.867809979518279,1,3,4,10.600563168316949,15,15,15
GP,F,15,U,GT3,T,1,1,other,other,home,father,1,16.776677516339884,0,no,yes,no,yes,no,yes,yes,no,4,10.031313127189824,16.688159779126103,2,3,4,18.69510788397994,9,10,10
GP,F,15,U,GT3,T,4,4,services,services,reputation,father,2,14.59422023183664,2,no,no,yes,no,yes,yes,yes,yes,4,9.133902075358476,19.104833915870863,2,3,5,21.581011053372738,7,9,8
GP,F,16,U,LE3,T,2,2,at_home,other,course,mother,1,11.688477205953234,0,no,yes,no,no,yes,yes,no,no,4,0.685055403484224,22.028869685861483,1,2,2,25.609187327801873,8,7,6
GP,F,15,U,GT3,T,4,2,other,other,reputation,mother,1,19.19389227483452,0,no,yes,no,yes,yes,yes,yes,no,5,14.729762323678138,8.815448393553211,1,3,1,11.553459220224033,13,14,14
GP,M,16,U,GT3,T,2,2,services,other,reputation,father,2,15.784548490443468,1,no,no,yes,yes,no,yes,yes,no,4,12.973531923924387,15.415334331870676,1,1,3,19.531489187572184,11,10,10
GP,M,16,U,LE3,A,4,4,teacher,health,reputation,mother,1,11.66411174574695,0,no,yes,no,no,yes,yes,no,no,4,7.672300123645199,19.58710051817096,3,5,5,23.921576393524,8,6,7
GP,F,16,U,GT3,T,3,3,other,other,home,mother,1,7.478028410592847,0,no,yes,yes,no,yes,yes,yes,yes,4,11.073755641414238,18.562723809367643,1,3,4,23.451439149363143,7,7,8
GP,F,15,U,GT3,T,4,3,services,other,reputation,mother,1,24.89184760172012,0,no,no,yes,yes,yes,yes,yes,no,4,20.08243248472384,2.4888599514038643,1,3,1,3.082675274456395,16,17,18
GP,F,16,U,LE3,T,3,1,other,other,home,father,1,6.710222540279909,0,yes,yes,no,no,yes,yes,no,no,3,3.796307817955949,21.78401893333797,2,3,2,27.408027124750546,7,6,6
GP,F,16,U,GT3,T,4,2,teacher,services,home,mother,2,14.179092538107144,0,no,yes,yes,yes,yes,yes,yes,no,5,12.278816299418423,14.38890188987522,1,1,1,19.90474527922774,11,10,10
GP,M,15,U,LE3,T,2,2,services,health,reputation,mother,1,25.156970238773567,0,no,yes,no,yes,yes,yes,yes,no,4,13.588454665713463,9.3483028075279,1,1,4,12.12016392508016,11,13,14
GP,F,15,R,GT3,T,1,1,at_home,other,home,mother,2,15.01886839285811,1,yes,yes,yes,yes,yes,yes,yes,no,3,9.285551156981864,14.84351266215704,1,1,1,18.927177799623543,7,10,10
GP,M,16,R,GT3,T,4,3,services,other,reputation,mother,2,23.807929372282715,0,yes,yes,no,yes,no,yes,yes,no,3,14.614996916917388,7.701441979194405,1,1,4,6.884100795199618,11,15,15
GP,F,16,U,GT3,T,2,1,other,other,course,mother,1,10.466231776134531,0,no,yes,yes,no,yes,yes,no,yes,4,12.763326186339976,15.313620360680115,1,1,5,17.993454953608122,8,9,10
GP,F,16,U,GT3,T,4,4,other,other,reputation,mother,1,19.619922603694526,0,no,no,no,yes,no,yes,yes,no,5,17.184942170352965,9.79249681791207,1,2,1,11.569047796645515,11,14,14
GP,F,16,U,GT3,T,4,3,other,at_home,course,mother,1,13.792712422491729,0,yes,yes,yes,no,yes,yes,yes,no,5,4.727908927837319,17.300813413008736,1,1,3,23.208887114655397,7,9,8
GP,M,16,U,GT3,T,4,4,services,services,other,mother,1,7.633796808725253,0,yes,yes,yes,yes,yes,yes,yes,no,4,6.722910976444862,22.36769191187072,5,5,4,29.097615447173723,7,7,5
GP,M,16,U,GT3,T,4,4,services,teacher,other,father,1,27.88139893910341,0,no,yes,no,yes,yes,yes,yes,yes,4,17.637542204057937,5.820056090425388,1,1,4,4.320534988316859,16,17,17
GP,M,15,U,GT3,T,4,4,services,other,course,mother,1,18.76303112969056,0,no,yes,no,yes,no,yes,yes,no,5,12.920522466675523,8.969263395994375,1,1,5,10.8521940511548,10,13,14
GP,F,15,U,GT3,T,3,2,services,other,home,mother,2,8.015467688070949,0,yes,yes,yes,no,yes,yes,yes,no,4,4.463348421496484,20.98671378704798,1,1,2,25.802590677490503,7,6,6
GP,M,15,U,GT3,A,3,4,services,other,course,mother,1,26.23423565247891,0,no,yes,yes,yes,yes,yes,yes,no,5,17.400526965437184,3.912081767780582,1,1,1,3.5661513834014245,16,18,18
GP,F,15,U,GT3,A,3,3,other,health,reputation,father,1,17.81543815462216,0,yes,no,no,no,yes,yes,no,no,4,10.71827774883254,14.222188882972546,1,1,4,18.151088027033772,10,11,11
GP,F,15,U,GT3,T,2,2,other,other,course,mother,1,10.528530825600669,0,yes,yes,yes,no,yes,yes,yes,no,5,10.636326360464103,19.02792739261522,1,1,3,23.620673237660156,7,8,8
GP,M,16,U,GT3,T,3,3,services,other,home,father,1,27.868132677584413,0,no,yes,no,yes,yes,yes,yes,no,5,16.726133285890217,2.109180633190749,1,1,5,3.2837953313164268,16,18,18
GP,M,15,R,GT3,T,4,4,other,other,home,father,4,16.858519515632963,0,no,yes,yes,yes,yes,yes,yes,yes,1,12.964294293752925,10.650644660484138,3,5,1,14.096877227989607,10,13,13
GP,F,16,U,LE3,T,4,4,health,health,other,mother,1,22.390637459651703,0,no,yes,yes,yes,yes,yes,yes,yes,5,18.482573853183137,7.088637625356864,1,1,4,8.917306747347135,14,15,16
GP,M,15,U,LE3,A,4,4,teacher,teacher,course,mother,1,28.659033369754503,0,no,no,no,yes,yes,yes,yes,no,5,15.134785312819195,0.1742177418322872,1,1,4,1.72079920131159,18,19,19
GP,F,16,R,GT3,T,3,3,services,other,reputation,father,1,12.321301562434028,1,yes,yes,no,yes,yes,yes,yes,no,4,13.696080423140414,16.540095272403068,1,1,2,20.588992211709137,7,10,10
GP,F,16,U,GT3,T,2,2,at_home,other,home,mother,1,18.17210238336462,1,yes,no,no,yes,yes,yes,yes,no,3,14.317592327024045,10.839835440228214,1,1,5,11.675064107577427,10,13,13
GP,M,15,U,LE3,T,4,2,teacher,other,course,mother,1,31.35730812484213,0,no,no,no,no,yes,yes,yes,no,3,17.024267602260746,2.809111194263683,1,1,3,2.598974751680495,18,19,19
GP,M,15,R,GT3,T,2,1,health,services,reputation,mother,1,16.981850664073615,0,no,no,no,yes,yes,yes,yes,yes,5,8.185798591692839,16.627089626218833,1,1,5,20.025949063667433,9,9,9
GP,M,16,U,GT3,T,4,4,teacher,teacher,course,father,1,20.5623568963211,0,no,yes,no,yes,yes,yes,yes,no,5,18.542575172466368,7.903954438415876,1,2,5,5.390471951649004,15,15,16
GP,M,15,U,GT3,T,4,4,other,teacher,reputation,father,2,21.974109172113785,0,no,yes,no,yes,yes,yes,no,no,4,15.939269985615791,9.412560442305605,1,1,2,10.399826141813392,11,13,14
GP,M,16,U,GT3,T,3,3,other,services,home,father,2,20.54292618886044,0,no,no,no,yes,yes,yes,yes,no,5,12.404283020951317,10.16146560824922,1,1,5,12.788587140616695,13,14,13
GP,M,17,R,GT3,T,1,3,other,other,course,father,3,13.593377855266183,1,no,yes,no,yes,yes,yes,yes,no,5,8.064168925309895,19.422698327660864,1,4,5,20.41431720719075,9,7,8
GP,M,15,U,GT3,T,3,4,other,other,reputation,father,1,18.34765863364304,0,no,no,no,no,yes,yes,yes,no,3,12.539735984108594,11.694868453879076,1,2,4,11.118447915056764,14,13,13
GP,F,15,U,GT3,T,1,2,at_home,services,course,mother,1,22.510689258844607,0,no,no,no,no,no,yes,yes,no,3,13.578249579134374,7.014001166811706,1,2,1,9.626160057541416,16,15,15
GP,M,15,U,GT3,T,2,2,services,services,home,father,1,23.14684227652529,0,no,yes,yes,yes,yes,yes,yes,no,5,14.715256346258624,7.435321087757409,1,2,5,7.721887869912135,16,14,15
GP,F,16,U,LE3,T,2,4,other,health,course,father,2,18.125355274381704,0,no,yes,yes,yes,yes,yes,yes,yes,4,11.826368782240657,10.300600297747277,1,2,5,11.458458816810895,13,13,13
GP,M,16,U,GT3,T,4,4,health,other,course,mother,1,15.558775173087376,0,no,yes,no,yes,yes,yes,yes,no,3,14.069987847299668,10.279472336689876,1,4,5,11.906512624864597,14,11,13
GP,F,16,U,GT3,T,2,2,other,other,home,mother,1,12.479003846395656,0,no,no,yes,no,yes,yes,yes,yes,5,6.893028899203646,19.399355018454067,1,1,5,22.963235434122797,8,7,8
GP,M,15,U,GT3,T,3,4,services,services,home,father,1,16.80467912426635,0,yes,no,no,no,yes,yes,yes,no,5,9.698912617189142,13.80215405892661,3,2,5,16.15008324297319,13,13,12
GP,F,15,U,LE3,A,3,4,other,other,home,mother,1,18.184264891177104,0,yes,no,no,yes,yes,yes,yes,yes,5,11.0970323882559,13.21846283403588,1,1,1,16.116304773648505,7,10,11
GP,F,19,U,GT3,T,0,1,at_home,other,course,other,1,11.222610938984856,3,no,yes,no,no,no,no,no,no,3,10.766076424272065,18.445505092473585,1,1,5,19.264662067857056,7,8,9
GP,M,18,R,GT3,T,2,2,services,other,reputation,mother,1,-0.2636000508117465,2,no,yes,no,yes,yes,yes,yes,no,3,1.3555627342488323,30.597581944075923,1,2,4,36.43226440273075,7,4,0
GP,M,16,R,GT3,T,4,4,teacher,teacher,course,mother,1,24.27772868063628,0,no,no,yes,yes,yes,yes,yes,no,3,20.04668080689154,3.7706924683960255,2,5,4,5.534648753962741,18,18,18
GP,F,15,R,GT3,T,3,4,services,teacher,course,father,2,-0.2668113124140459,2,no,yes,no,no,yes,yes,yes,yes,4,-2.2128680964597653,29.64751806625595,2,2,5,37.08321646122347,12,0,0
GP,F,15,U,GT3,T,1,1,at_home,other,course,mother,3,-0.7236874519082775,0,no,yes,no,yes,no,yes,yes,yes,4,-4.197176797684522,28.792545467184663,1,2,4,36.92542763613996,8,0,0
GP,F,17,U,LE3,T,2,2,other,other,course,father,1,20.002781957794014,0,no,yes,no,no,yes,yes,yes,yes,3,10.48929088042068,10.94670362892962,1,3,5,13.684918684188151,10,13,12
GP,F,16,U,GT3,A,3,4,services,other,course,father,1,14.932888185621763,0,no,no,no,no,yes,yes,yes,no,3,9.189582031230506,13.953160562095492,1,4,5,17.0703056065255,12,11,11
GP,M,15,R,GT3,T,3,4,at_home,teacher,course,mother,4,-0.9024438498898808,0,no,yes,no,no,yes,yes,no,yes,5,-1.196988270378119,31.718227569550045,1,1,5,36.07872097650072,9,0,0
GP,F,15,U,GT3,T,4,4,services,at_home,course,mother,1,-0.6816971065664394,0,no,yes,no,yes,yes,yes,yes,yes,4,0.9394241435331157,29.885341965361015,1,1,5,35.37518540109727,11,0,0
GP,M,17,R,GT3,T,3,4,at_home,other,course,mother,3,0.8710895563384478,0,no,no,no,no,yes,yes,no,no,5,-2.699355241719594,31.775524727003223,2,4,5,36.17612028550087,10,0,0
GP,F,16,U,GT3,A,3,3,other,other,course,other,2,0.4909102995040413,2,no,yes,no,yes,no,yes,yes,yes,4,0.090315599845062,30.8787059545937,1,1,5,38.66507792278945,4,0,0
GP,M,16,U,LE3,T,1,1,services,other,course,mother,1,15.942084634696595,1,no,no,no,no,yes,yes,no,yes,4,14.364076694062788,12.04107143233988,1,3,5,13.530195722354652,14,12,12
GP,F,15,U,GT3,T,4,4,teacher,teacher,course,mother,2,23.471285063933028,0,no,no,no,yes,yes,yes,yes,no,4,11.77126707163495,8.064066417363133,1,1,5,8.164878452990342,16,16,15
GP,M,15,U,GT3,T,4,3,teacher,services,course,father,2,-0.1165361730301685,0,yes,yes,no,no,yes,yes,yes,no,2,3.6417585601337983,31.90344654022071,1,1,3,36.43044566478588,7,9,0
GP,M,16,U,LE3,T,2,2,services,services,reputation,father,2,11.476253149977506,2,no,yes,no,yes,yes,yes,yes,no,2,6.748302192761095,17.19594370490465,2,2,2,21.56562328086674,9,9,9
GP,F,15,U,GT3,T,4,4,teacher,services,course,mother,1,16.85892732396625,0,no,yes,yes,yes,yes,yes,yes,no,4,7.895920114699714,13.72474834419095,1,1,5,17.53223992952427,9,11,11
GP,F,16,U,LE3,T,1,1,at_home,at_home,course,mother,1,18.350693950814755,0,no,no,no,no,yes,yes,yes,no,3,14.617892752698005,9.787969212261602,3,3,1,14.301244951177896,14,14,13
GP,M,17,U,GT3,T,2,1,other,other,home,mother,1,0.3095617509273726,3,no,yes,no,no,yes,yes,yes,no,5,-2.3674497911316115,30.82308196826964,1,2,5,37.890981336718326,5,0,0
GP,F,15,U,GT3,T,1,1,other,services,course,father,1,17.64945289976106,0,no,yes,yes,no,yes,yes,yes,no,4,10.077191882072343,11.924380797343035,1,2,5,15.440545514452443,8,11,11
GP,F,15,U,GT3,T,3,2,health,services,home,father,1,-0.8772365645083565,3,no,yes,no,no,yes,yes,yes,no,3,-0.9659484091075488,29.907961698983065,1,1,3,36.03149952231759,6,7,0
GP,F,15,U,GT3,T,1,2,at_home,other,course,mother,1,13.833918946636114,0,no,yes,yes,no,no,yes,yes,no,4,7.660601181330547,12.845408088611114,1,1,5,15.2021889354597,10,11,11
GP,M,16,U,GT3,T,4,4,teacher,teacher,course,mother,1,-0.7404160040980388,0,no,yes,no,no,yes,no,yes,yes,3,-1.149872665185386,30.64886658710948,2,1,5,36.08717666454708,7,6,0
GP,M,15,U,LE3,A,2,1,services,other,course,mother,4,15.884997868545916,3,no,no,no,no,yes,yes,yes,no,4,10.08710683381478,15.1357945931324,2,5,5,17.97025342741918,8,9,10
GP,M,18,U,LE3,T,1,1,other,other,course,mother,1,-0.6403676747565636,3,no,no,no,no,yes,no,yes,yes,2,0.3962784187545834,29.86236939127676,2,5,4,37.18067831167127,6,5,0
GP,M,16,U,LE3,T,2,1,at_home,other,course,mother,1,21.56951985862464,1,no,no,no,yes,yes,yes,no,yes,4,12.543367815386375,7.866150269244047,3,5,5,10.07374366973675,12,13,14
GP,F,15,R,GT3,T,3,3,services,services,reputation,other,2,14.415279582096078,2,no,yes,yes,yes,yes,yes,yes,yes,4,5.109350923815153,15.189882254626305,2,3,3,16.57235502087422,10,10,10
GP,M,19,U,GT3,T,3,2,services,at_home,home,mother,1,0.928522871019074,3,no,yes,no,no,yes,no,yes,yes,4,-0.4154091596711295,31.585212303245623,1,1,4,36.67717488338396,5,0,0
GP,F,17,U,GT3,T,4,4,other,teacher,course,mother,1,17.158873995584727,0,yes,yes,no,no,yes,yes,no,yes,4,9.292243996358891,9.258661103659042,1,1,4,12.826504268211625,11,11,12
GP,M,15,R,GT3,T,2,3,at_home,services,course,mother,1,11.063506624178508,0,yes,no,yes,yes,yes,yes,no,no,4,7.928887726452337,18.44102676569833,1,1,1,23.136050702022548,11,8,8
GP,M,17,R,LE3,T,1,2,other,other,reputation,mother,1,20.16875583351445,0,no,no,no,no,yes,yes,no,no,2,14.032258652038804,9.393839714870673,3,3,5,12.896946310526124,16,12,13
GP,F,18,R,GT3,T,1,1,at_home,other,course,mother,3,17.192607101913318,3,no,yes,no,yes,no,yes,no,no,5,7.865389897937439,15.828050332649587,1,5,4,18.90679217790374,9,8,10
GP,M,16,R,GT3,T,2,2,at_home,other,course,mother,3,22.99810110313257,0,no,no,no,no,no,yes,no,no,4,13.958190188721456,9.6555461236891,1,2,3,10.315315580048754,17,15,15
GP,M,16,U,GT3,T,3,3,other,services,course,father,1,17.04097167326931,1,no,yes,yes,no,yes,yes,yes,yes,4,12.310498077430582,11.95802153433642,4,4,5,14.81730954508191,10,12,12
GP,M,17,R,LE3,T,2,1,at_home,other,course,mother,2,-2.620422232863347,2,no,no,no,yes,yes,no,yes,yes,3,0.6102116383792999,31.48990257775618,2,2,5,39.29815027389072,7,6,0
GP,M,15,R,GT3,T,3,2,other,other,course,mother,2,9.933584910168136,2,yes,yes,no,no,yes,yes,yes,yes,4,3.546550888605999,21.212395548311232,1,4,3,23.772366200852225,5,9,7
GP,M,16,U,LE3,T,1,2,other,other,course,mother,2,2.205071573899245,1,no,no,no,yes,yes,yes,no,no,4,-4.003304242382087,27.796327559502775,2,4,5,35.074731794371885,7,0,0
GP,M,17,U,GT3,T,1,3,at_home,services,course,father,1,15.144977556702647,0,no,no,no,no,yes,no,yes,no,5,9.006345996980732,15.283468940352517,1,4,2,19.005216343006545,10,10,10
GP,M,17,R,LE3,T,1,1,other,services,course,mother,4,8.406655492572398,3,no,no,no,yes,yes,no,no,yes,5,10.366239212981618,18.13059727713353,1,5,5,24.338855043977688,5,8,7
GP,M,16,U,GT3,T,3,2,services,services,course,mother,2,17.879414827187894,1,no,yes,no,yes,no,no,no,no,4,15.295189015590518,11.38644660156054,1,1,2,15.012123119701947,12,11,12
GP,M,16,U,GT3,T,2,2,other,other,course,father,1,15.642306791223824,0,no,no,no,no,yes,no,yes,no,4,11.295367899550696,15.049562532057712,2,4,4,20.11081501590124,10,10,10
GP,F,16,U,GT3,T,4,2,health,services,home,father,1,22.763917088440955,0,no,no,yes,no,yes,yes,yes,yes,4,19.37270364262653,5.079313465109385,1,1,3,8.7305948414153,14,15,16
GP,F,16,U,GT3,T,2,2,other,other,home,mother,1,-3.718405189160372,0,no,yes,yes,no,no,yes,yes,no,5,-5.202353416700035,31.30243515633366,1,1,4,35.416838698264485,6,7,0
GP,F,16,U,GT3,T,4,4,health,health,reputation,mother,1,22.88621072199114,0,no,yes,yes,no,yes,yes,yes,yes,4,10.86580552678766,7.398213515425609,1,1,3,9.918428602717325,14,14,14
GP,M,16,U,GT3,T,3,4,other,other,course,father,3,1.601468354068658,2,no,yes,no,yes,no,yes,yes,no,3,1.3626629597412476,31.842409753691037,2,4,2,36.988072629901694,6,5,0
GP,M,16,U,GT3,T,1,0,other,other,reputation,mother,2,21.58627201128835,0,no,yes,yes,yes,yes,yes,yes,yes,4,14.939835027788863,5.34585810877326,1,1,3,8.862737937268733,13,15,16
GP,M,17,U,LE3,T,4,4,teacher,other,reputation,mother,1,19.19561183626445,0,no,yes,yes,yes,yes,yes,yes,no,4,9.29016814384054,14.152642282095009,1,3,5,17.922192611116227,13,11,10
GP,F,16,U,GT3,T,1,3,at_home,services,home,mother,1,-2.3659435495138474,3,no,no,no,yes,no,yes,yes,yes,4,0.3527886059400217,29.08622393950657,1,1,3,37.579649931483196,8,7,0
GP,F,16,U,LE3,T,3,3,other,other,reputation,mother,2,12.17720451685278,0,no,yes,yes,yes,yes,yes,yes,no,4,10.257081261225258,14.672245806924437,1,1,4,19.860850093397122,10,11,9
GP,M,17,U,LE3,T,4,3,teacher,other,course,mother,2,14.71241419334899,0,no,no,yes,yes,yes,yes,yes,no,4,7.984969265677867,17.39880273807941,4,4,4,21.670168961270377,10,9,9
GP,F,16,U,GT3,T,2,2,services,other,reputation,mother,2,16.92565569273981,0,no,no,yes,yes,no,yes,yes,no,3,9.988113952611856,14.543597392044097,1,4,5,15.393158657609977,13,13,11
GP,M,17,U,GT3,T,3,3,other,other,reputation,father,1,7.411091167836785,0,no,no,no,yes,no,yes,yes,no,4,9.353450712146929,21.739077471327832,1,4,4,24.86163758379089,6,5,6
GP,M,16,R,GT3,T,4,2,teacher,services,other,mother,1,13.316581259473605,0,no,yes,no,yes,yes,yes,yes,yes,4,7.502863636999608,18.11216826983376,3,4,3,19.18982020909212,10,8,9
GP,M,17,U,GT3,T,4,3,other,other,course,mother,1,19.046010032992253,0,no,yes,no,yes,yes,yes,yes,yes,5,13.4671304383853,13.08829813011728,1,1,2,17.52644880868457,10,10,11
GP,M,16,U,GT3,T,4,3,teacher,other,home,mother,1,11.974035969320546,0,no,yes,yes,yes,yes,yes,yes,no,3,6.253327981751779,17.140154869005436,2,3,3,22.02042002064293,9,8,8
GP,M,16,U,GT3,T,3,3,services,other,home,mother,1,19.90836152228617,0,no,no,yes,yes,yes,yes,yes,yes,4,10.870655467301312,12.249885075472678,1,2,3,14.833705269244943,12,13,12
GP,F,17,U,GT3,T,2,4,services,services,reputation,father,1,25.66636189805586,0,no,yes,no,yes,yes,yes,no,no,5,19.80211385876632,4.388561656322033,2,3,5,6.003537882926576,16,17,17
GP,F,17,U,LE3,T,3,3,other,other,reputation,mother,1,13.05512550019733,0,no,yes,no,yes,yes,yes,yes,yes,5,6.706752693859456,18.791817603060625,2,3,1,21.848118086564927,9,9,8
GP,F,16,U,GT3,T,3,2,other,other,reputation,mother,1,17.121665955051913,0,no,yes,yes,no,yes,yes,yes,no,1,8.99004144325202,12.768550549583226,1,2,1,14.662146695593831,12,13,12
GP,M,17,U,GT3,T,3,3,services,services,other,mother,1,13.493160698097444,0,no,yes,no,yes,yes,yes,yes,yes,4,9.61677490556462,12.976661935493375,2,3,4,17.852513189909235,12,12,11
GP,M,16,U,GT3,T,1,2,services,services,other,mother,1,19.311593992189007,0,no,yes,yes,yes,yes,yes,yes,yes,3,12.493561177725583,12.317147493650982,1,2,3,16.264756273821227,11,12,11
GP,M,16,U,LE3,T,2,1,other,other,course,mother,1,24.89843546031496,0,no,no,yes,yes,yes,yes,yes,yes,4,16.622274015299872,7.923035521094453,1,2,5,9.629450903376394,15,15,15
GP,F,17,U,GT3,A,3,3,health,other,reputation,mother,1,18.740787956880144,0,no,yes,no,no,no,yes,yes,yes,3,11.865169246423546,17.222811007038054,1,3,3,19.71501878353491,8,7,9
GP,M,17,R,GT3,T,1,2,at_home,other,home,mother,1,16.705989780662343,0,no,no,no,no,yes,yes,no,no,3,10.901778404845489,15.319383468063366,1,5,3,17.987247521604672,8,9,10
GP,F,16,U,GT3,T,2,3,services,services,course,mother,1,19.716585238060848,0,no,no,no,no,yes,yes,yes,no,4,14.42758588646437,12.216922390972782,1,1,2,12.080469766932785,11,12,13
GP,F,17,U,GT3,T,1,1,at_home,services,course,mother,1,12.782639912484171,0,no,no,no,yes,yes,yes,yes,no,5,9.6146884405897,16.806090517847814,1,1,3,20.95260558338467,8,8,9
GP,M,17,U,GT3,T,1,2,at_home,services,other,other,2,12.259204243188949,0,no,no,yes,yes,no,yes,yes,no,4,10.1514513337301,18.433758884478877,4,5,5,21.565445228084446,7,8,8
GP,M,16,R,GT3,T,3,3,services,services,reputation,mother,1,10.942471133984125,0,no,yes,no,yes,yes,yes,yes,no,4,11.7211368532741,17.385763185408962,3,4,5,18.11611233644042,8,9,10
GP,M,16,U,GT3,T,2,3,other,other,home,father,2,20.215665093553845,0,no,no,no,no,yes,yes,yes,no,5,14.165375994705414,7.584567172253054,1,1,3,10.770944030036805,13,14,14
GP,F,17,U,LE3,T,2,4,services,services,course,father,1,21.86488766464337,0,no,no,no,yes,yes,yes,yes,yes,4,11.66393766387112,8.740177614549753,1,1,5,9.866819325084991,14,15,15
GP,M,17,U,GT3,T,4,4,services,teacher,home,mother,1,21.078668032668013,0,no,no,no,no,yes,yes,yes,no,5,15.69687014193662,5.68725311626012,1,2,5,6.842024702657158,17,15,16
GP,M,16,R,LE3,T,3,3,teacher,other,home,father,3,15.665982537656683,0,no,yes,yes,yes,yes,yes,yes,no,3,9.993880739198609,16.82015172382416,3,5,3,17.58726733888466,9,9,10
GP,F,17,U,GT3,T,4,4,services,teacher,home,mother,2,27.96929781778809,1,no,yes,no,no,yes,yes,yes,no,4,19.12277645456672,2.0888132567050866,2,3,2,4.286705097720591,18,18,18
GP,F,16,U,LE3,T,4,4,teacher,teacher,reputation,mother,1,16.146251625349706,0,no,yes,yes,no,yes,yes,yes,no,4,11.303784024237322,13.910299563345658,1,2,3,18.81674334474999,9,9,10
GP,F,16,U,GT3,T,4,3,health,other,home,mother,1,24.78202912729419,0,no,yes,no,yes,yes,yes,yes,no,4,21.25287849371202,3.9437578319641418,1,5,2,6.146853947683501,16,16,16
GP,F,16,U,GT3,T,2,3,other,other,reputation,mother,1,18.685193775264363,0,yes,yes,yes,yes,yes,yes,no,no,4,9.035961387918524,13.438812700179492,1,3,4,18.80289823996416,8,10,10
GP,F,17,U,GT3,T,1,1,other,other,course,mother,1,13.65321262176933,0,no,yes,yes,no,no,yes,no,no,4,11.635350203933596,16.892243610111816,1,3,1,18.664860460755545,9,9,10
GP,F,17,R,GT3,T,2,2,other,other,reputation,mother,1,12.240242232043682,0,no,yes,no,no,yes,yes,yes,no,5,5.855279377489975,20.51605141856588,1,2,3,26.008071704304427,7,6,6
GP,F,16,R,GT3,T,2,2,services,services,reputation,mother,2,15.192165625156637,0,no,yes,yes,yes,no,yes,yes,no,5,11.965407710781848,12.285793706056513,1,1,5,16.1198943787489,10,10,11
GP,F,17,U,GT3,T,3,4,at_home,services,home,mother,1,14.028980013177248,1,no,yes,yes,no,yes,yes,yes,yes,4,7.028337205932854,15.22138298467694,3,4,5,20.37576221541833,10,9,9
GP,F,16,U,GT3,A,3,1,services,other,course,mother,1,7.731620395063588,3,no,yes,yes,no,yes,yes,yes,no,2,6.000181205051262,18.7115138300742,2,2,4,24.53693495033463,7,7,7
GP,F,16,U,GT3,T,4,3,teacher,other,other,mother,1,20.6032058060722,0,no,no,yes,yes,yes,yes,yes,yes,1,12.555867020190972,11.1432017732592,1,1,1,10.28264033657404,11,12,13
GP,F,16,U,GT3,T,1,1,at_home,other,home,mother,2,14.387170833039546,0,no,yes,yes,no,yes,yes,no,no,4,12.999439904123571,16.035456369901443,1,4,5,18.218573364151865,9,9,10
GP,F,17,R,GT3,T,4,3,teacher,other,reputation,mother,2,10.284135649396823,0,no,yes,yes,yes,yes,yes,yes,yes,4,7.422579874269392,20.03084315216585,1,1,4,24.211262852587332,7,7,7
GP,F,19,U,GT3,T,3,3,other,other,reputation,other,1,13.507804837509433,0,no,yes,yes,yes,yes,yes,yes,no,4,7.39619834046171,16.77226454789249,1,2,3,22.621317908310672,8,8,8
GP,M,17,U,LE3,T,4,4,services,other,home,mother,1,18.98295503167595,0,no,yes,yes,no,yes,yes,yes,yes,5,12.66516824085252,11.504977976248012,4,5,3,12.781369235235328,12,12,13
GP,F,16,U,GT3,A,2,2,other,other,reputation,mother,1,17.40260987636247,0,yes,yes,yes,no,yes,yes,yes,no,3,12.70813977259908,9.922016673179886,1,1,4,10.96566037419393,12,13,14
GP,M,18,U,GT3,T,2,2,services,other,home,mother,1,16.09276242108457,1,no,yes,yes,yes,yes,yes,yes,no,4,8.197400507414727,17.561241693531773,2,4,5,21.74808107824866,6,7,8
GP,F,17,R,LE3,T,4,4,services,other,other,mother,1,13.62392134489479,0,no,yes,yes,no,yes,yes,no,no,5,6.39443819568154,15.825370115790276,1,2,3,19.16844315167976,8,10,10
GP,F,17,U,LE3,T,3,2,other,other,reputation,mother,2,21.741520411518707,0,no,no,yes,no,yes,yes,yes,no,4,14.59155867333928,9.312364877488164,1,3,1,8.625210661255512,14,15,15
GP,F,17,U,GT3,T,4,3,other,other,reputation,mother,1,7.491736966884656,2,no,no,yes,no,yes,yes,yes,yes,3,2.8544046221969874,25.1531733641429,2,4,1,30.245428736069492,6,6,4
GP,M,18,U,LE3,T,3,3,services,health,home,father,1,14.042047553156763,1,no,yes,yes,no,yes,yes,yes,no,3,5.09163651073736,18.104824890867263,2,4,4,19.9960582106358,6,6,8
GP,F,17,U,GT3,T,2,3,at_home,other,home,father,2,12.961173223638491,0,no,yes,yes,no,yes,yes,no,no,3,7.4875728967171,18.12331235114756,1,4,3,24.170884215412876,7,7,8
GP,F,17,U,GT3,T,2,2,at_home,at_home,course,mother,1,12.708381271353195,0,no,yes,yes,yes,yes,yes,yes,no,4,13.601618856992584,15.661171705254644,1,1,4,18.661878520465706,9,10,10
GP,F,17,R,GT3,T,2,1,at_home,services,reputation,mother,2,6.178953015799033,0,no,yes,no,yes,yes,yes,yes,no,4,3.666110825815169,20.956317888458244,1,2,5,24.998931597493616,6,6,6
GP,F,17,U,GT3,T,1,1,at_home,other,reputation,mother,1,0.8531837188656576,1,no,yes,no,yes,yes,yes,no,yes,4,1.9715359111058253,28.710045879560333,1,1,5,37.30509933774541,6,5,0
GP,F,16,U,GT3,T,2,3,services,teacher,other,mother,1,29.01688109866189,0,yes,no,no,no,yes,yes,yes,no,2,14.146980148092153,3.614086384532233,1,1,3,5.9472727474371085,16,16,17
GP,M,18,U,GT3,T,2,2,other,other,home,mother,2,20.9984767485326,0,no,yes,yes,no,yes,yes,yes,no,3,13.22253377056546,11.010643123852068,5,5,4,13.338236837749447,12,13,13
GP,F,16,U,GT3,T,4,4,teacher,services,home,mother,1,20.56259202470413,0,no,yes,no,yes,no,yes,yes,no,5,17.48372884229221,8.503135851861307,1,1,5,11.818223250080186,13,13,14
GP,F,18,R,GT3,T,3,1,other,other,reputation,mother,1,13.24709011103266,1,no,no,no,yes,yes,yes,yes,yes,5,8.034523865573354,18.920743228766117,1,1,4,23.76072889035038,9,8,7
GP,F,17,U,GT3,T,3,2,other,other,course,mother,1,21.778042401658656,0,no,no,no,yes,no,yes,yes,no,5,14.846475428340252,7.596086356063442,1,3,3,8.664720859305755,16,15,15
GP,M,17,U,LE3,T,2,3,services,services,reputation,father,1,14.539135501732485,0,no,yes,yes,no,no,yes,yes,no,5,12.812190306051354,12.760050048318012,1,3,3,15.393398212041529,12,11,12
GP,M,18,U,LE3,T,2,1,at_home,other,course,mother,4,15.833440889558108,0,yes,yes,yes,yes,yes,yes,yes,yes,4,10.599692343342234,15.775048298044227,4,5,3,19.649056161442356,10,8,9
GP,F,17,U,GT3,A,2,1,other,other,course,mother,2,14.920541786733688,0,no,no,no,yes,yes,yes,yes,yes,3,10.76404260540084,12.39057291725383,1,2,3,14.197404967126472,12,10,12
GP,F,17,U,LE3,T,4,3,health,other,reputation,father,1,21.9865600244842,0,no,no,no,yes,yes,yes,yes,yes,3,14.234761447002386,8.259069412345447,1,2,3,11.306858781138944,13,13,14
GP,M,17,R,GT3,T,2,2,other,other,course,father,2,18.070676294764564,0,no,yes,yes,yes,yes,yes,yes,no,4,12.485037106263963,13.734175730836254,1,1,1,16.879714574094493,11,11,11
GP,M,17,U,GT3,T,4,4,teacher,teacher,reputation,mother,1,13.419674007828435,0,yes,yes,no,yes,yes,yes,yes,yes,4,11.621603754063106,17.261644832880258,1,3,2,19.871693242843232,11,9,9
GP,M,16,U,GT3,T,4,4,health,other,reputation,father,1,20.85497913244482,0,no,yes,yes,yes,yes,yes,yes,no,4,12.356978840207654,11.451191035726422,2,4,1,11.263504955107969,14,13,13
GP,M,16,U,LE3,T,1,1,other,other,home,mother,2,9.727170281806815,0,no,yes,yes,no,yes,yes,yes,no,3,7.842994289957316,21.647507893859835,1,1,5,25.490668255179244,9,7,6
GP,M,16,U,GT3,T,3,2,at_home,other,reputation,mother,2,12.443673142271384,0,no,no,no,yes,yes,yes,yes,yes,5,8.824921917235592,13.40291968514352,1,3,2,19.977374210955347,11,9,10
GP,M,17,U,LE3,T,2,2,other,other,home,father,1,18.234806033015268,0,no,no,yes,yes,no,yes,yes,yes,4,14.742713156471988,11.68957362750588,5,5,4,15.085106623560357,14,13,13
GP,F,16,U,GT3,T,2,1,other,other,home,mother,1,14.74381370788415,0,no,no,no,no,yes,yes,yes,yes,4,10.321052481815686,11.4126317286797,1,1,5,16.25623244552293,13,12,12
GP,F,17,R,GT3,T,2,1,at_home,services,course,mother,3,14.445749039720816,0,no,no,no,yes,yes,yes,no,no,2,12.248353281344713,13.987582899698973,1,1,3,16.853103637727937,13,11,11
GP,M,18,U,GT3,T,2,2,other,services,reputation,father,1,-0.3669582877031648,1,no,no,no,no,yes,no,yes,no,5,-0.026078279689365,30.72598836205953,3,5,2,36.676324630177305,7,7,0
GP,M,17,U,LE3,T,4,3,health,other,course,mother,2,20.070507117476577,0,no,no,no,yes,yes,yes,yes,yes,2,12.157820268909644,13.267275169362692,1,4,5,15.807925922235537,12,12,12
GP,M,17,R,LE3,A,4,4,teacher,other,course,mother,2,15.153307781267984,0,no,yes,yes,no,yes,yes,yes,no,3,13.66022053207958,12.112222700521311,2,3,4,15.632452889263599,10,11,12
GP,M,16,U,LE3,T,4,3,teacher,other,course,mother,1,-0.8722869788319617,0,no,no,no,yes,no,yes,yes,no,5,2.578429609816003,30.442982688490176,1,1,3,35.39897526382234,6,0,0
GP,M,16,U,GT3,T,4,4,services,services,course,mother,1,17.48837465570115,0,no,no,no,yes,yes,yes,yes,no,5,12.935854078073891,12.015259334829905,1,2,5,15.8040742881865,13,12,12
GP,F,18,U,GT3,T,2,1,other,other,course,other,2,1.322267117425138,0,no,yes,yes,no,no,yes,yes,yes,4,4.085951229041473,30.268818064115838,1,1,3,36.932337831241895,7,0,0
GP,M,16,U,GT3,T,2,1,other,other,course,mother,3,26.808584260793545,0,no,no,no,no,yes,yes,yes,no,4,17.816984506299224,4.232520775052989,1,1,4,4.604399144003855,18,18,18
GP,M,17,U,GT3,T,2,3,other,other,course,father,2,20.15457185666201,0,no,no,no,no,yes,yes,yes,no,5,16.214296609947016,10.816418913707835,1,1,2,13.704979093469968,12,12,13
GP,M,22,U,GT3,T,3,1,services,services,other,mother,1,8.606524071405833,3,no,no,no,no,no,no,yes,yes,5,6.938480837914327,17.27002682902511,5,5,1,20.79973537448003,6,8,8
GP,M,18,R,LE3,T,3,3,other,services,course,mother,1,6.3196894543751325,1,no,yes,no,no,yes,yes,yes,yes,4,4.597638328800076,24.022002564073823,1,3,5,28.18633684879521,3,5,5
GP,M,16,U,GT3,T,0,2,other,other,other,mother,1,22.563667054479897,0,no,no,yes,no,no,yes,yes,no,4,15.952166027039349,8.171931382525502,2,4,5,9.820344216897313,13,15,15
GP,M,18,U,GT3,T,3,2,services,other,course,mother,2,13.033534416679446,1,no,no,no,no,yes,no,yes,no,4,5.373662701086593,18.139541356713185,2,4,5,23.45638181489633,6,8,8
GP,M,16,U,GT3,T,3,3,at_home,other,reputation,other,3,15.480612688924344,0,yes,yes,no,no,no,yes,yes,no,5,12.890540901294568,14.575101551895855,1,3,2,18.854044159572005,7,10,10
GP,M,18,U,GT3,T,2,1,services,services,other,mother,1,15.079671668829633,1,no,no,no,no,no,no,yes,no,3,5.633545049640242,19.255910963988047,2,5,5,23.61634292688103,6,9,8
GP,M,16,R,GT3,T,2,1,other,other,course,mother,2,11.88518968553144,0,no,no,no,yes,no,yes,no,no,3,11.235632262263536,20.35204959430208,1,3,3,22.747604900480304,8,9,8
GP,M,17,R,GT3,T,2,1,other,other,course,mother,1,19.77219822407581,0,no,no,no,no,no,yes,yes,no,4,9.42016530077962,12.129732258104164,2,4,5,13.991992780173483,8,12,12
GP,M,17,U,LE3,T,1,1,health,other,course,mother,2,13.32514568636052,1,no,yes,no,yes,yes,yes,yes,no,4,9.096340703162612,19.945988018739307,1,2,5,22.897890718355352,7,9,8
GP,F,17,U,LE3,T,4,2,teacher,services,reputation,mother,1,18.66971436811056,0,no,yes,yes,yes,yes,yes,yes,no,4,11.741993404916732,9.00547879141552,1,1,4,11.116894408939947,14,12,13
GP,M,19,U,LE3,A,4,3,services,at_home,reputation,mother,1,15.174079955616063,0,no,yes,no,no,yes,yes,yes,no,4,12.29811739361734,13.061070974195554,1,1,1,16.46322889838167,11,11,11
GP,M,18,U,GT3,T,2,1,other,other,home,mother,1,19.53333362726455,0,no,no,no,yes,yes,yes,yes,no,5,13.577139693689826,9.118113999058986,1,2,4,11.908779620041692,15,14,14
GP,F,17,U,LE3,T,2,2,services,services,course,father,1,0.9811363644548068,0,no,no,yes,yes,yes,yes,yes,yes,3,-0.6390924625824479,29.629710094891653,1,1,2,35.64212188552346,10,9,0
GP,F,18,U,GT3,T,4,3,services,other,home,father,1,26.45911401773181,0,no,yes,yes,no,yes,yes,yes,yes,3,17.812341805838347,4.534841677519424,1,3,2,3.7293711759465804,17,18,18
GP,M,18,U,GT3,T,4,3,teacher,other,course,mother,1,12.561824715081324,0,no,yes,yes,no,no,yes,yes,no,4,10.124246861181796,17.779838700211805,1,1,3,20.011961010495206,8,8,8
GP,M,18,R,GT3,T,3,2,other,other,course,mother,1,14.571909003888097,0,no,no,no,yes,no,yes,no,no,5,14.174549019806967,10.818068170732811,1,1,3,15.489439627564131,13,12,12
GP,F,17,U,GT3,T,3,3,other,other,home,mother,1,14.636831396205167,0,no,no,no,yes,no,yes,no,no,3,10.590178971261286,16.56918590001767,1,1,4,20.569393197886065,10,9,9
GP,F,18,U,GT3,T,2,2,at_home,services,home,mother,1,-2.456615453859609,0,no,yes,yes,yes,yes,yes,yes,yes,4,-1.303667266200023,30.077094734612107,1,1,3,35.85685553391781,9,10,0
GP,M,18,R,LE3,A,3,4,other,other,reputation,mother,2,24.299177302994018,0,no,yes,yes,yes,yes,yes,yes,no,4,21.350797633015432,2.909265368943876,3,4,1,5.477258699190402,17,17,17
GP,M,17,U,GT3,T,3,1,services,other,other,mother,1,17.33074621126451,0,no,no,yes,yes,yes,yes,yes,yes,5,15.567658224139777,16.373578827386037,3,4,5,17.70277466482952,9,9,10
GP,F,18,R,GT3,T,4,4,teacher,other,reputation,mother,2,23.290686454054416,0,no,no,yes,yes,yes,yes,yes,no,4,10.55490669858145,14.30202322242634,2,2,4,15.022420820895713,12,10,11
GP,M,18,U,GT3,T,4,2,health,other,reputation,father,1,17.91131500814761,0,no,yes,yes,yes,yes,yes,yes,yes,5,9.684758722190525,14.86042832620804,1,3,5,18.90926139263128,10,9,10
GP,F,18,R,GT3,T,2,1,other,other,reputation,mother,2,-0.5247381490974434,0,no,yes,no,no,yes,no,yes,yes,4,-2.3182226980965703,31.6252469974612,1,2,3,36.26984180160901,6,0,0
GP,F,19,U,GT3,T,3,3,other,services,home,other,1,11.844955338335796,2,no,yes,yes,yes,yes,yes,yes,no,4,5.326314102561193,17.565111868678187,3,3,5,20.68855841338621,9,9,9
GP,F,18,U,GT3,T,2,3,other,services,reputation,father,1,16.563409818259924,0,no,yes,yes,yes,yes,yes,yes,yes,4,15.33145037437711,11.064025474481817,1,3,2,11.470110886092648,15,14,14
GP,F,18,U,LE3,T,1,1,other,other,home,mother,2,17.95183913840742,0,no,yes,yes,no,no,yes,no,no,4,10.288928927935771,12.529187513830667,1,1,3,16.198326881178858,11,11,11
GP,M,17,R,GT3,T,1,2,at_home,at_home,home,mother,1,22.424882540409893,0,no,yes,yes,yes,no,yes,no,yes,3,14.869587802694577,10.313363910663178,2,2,1,12.49791693928886,15,14,14
GP,F,17,U,GT3,T,2,4,at_home,health,reputation,mother,2,16.048167494745538,0,no,yes,yes,no,yes,yes,yes,yes,4,9.304907687808615,14.653696530731184,1,1,1,17.969210154624534,10,10,10
GP,F,17,U,LE3,T,2,2,services,other,course,mother,2,19.65802122303979,0,yes,yes,yes,no,yes,yes,yes,yes,4,8.851372738177036,11.254634498370509,2,3,5,14.46860782296492,12,12,12
GP,F,18,R,GT3,A,3,2,other,services,home,mother,2,15.89692688931981,0,no,no,no,no,no,no,yes,yes,4,8.464194952318696,14.826563212486247,1,1,5,20.890008684447473,10,9,9
GP,M,18,U,GT3,T,4,4,teacher,services,home,mother,2,14.94207353131092,0,no,no,yes,yes,yes,yes,yes,no,3,8.582071961755817,18.482633473945413,1,4,3,20.73401392504706,9,9,9
GP,F,18,U,GT3,T,4,4,health,health,reputation,father,1,11.031898079749752,1,yes,yes,no,yes,yes,yes,yes,yes,2,7.726837144789288,17.95411961531525,1,1,4,21.18493713589204,9,8,8
GP,M,18,U,LE3,T,4,3,teacher,services,course,mother,2,14.852220536267582,0,no,no,yes,yes,yes,yes,yes,no,4,9.67099495462408,15.2481080553031,1,2,1,19.704527233302542,10,11,10
GP,M,17,U,LE3,A,4,1,services,other,home,mother,2,10.06798338835583,0,no,no,yes,yes,yes,yes,yes,yes,4,9.915214936403558,18.53746389625225,2,4,5,22.840023226508663,8,8,8
GP,M,17,U,LE3,A,3,2,teacher,services,home,mother,1,14.670798047440094,1,no,no,no,no,yes,yes,yes,no,4,9.561499139820365,14.510799555663104,3,4,3,19.179995290006445,11,9,10
GP,F,18,R,LE3,T,1,1,at_home,other,reputation,mother,2,18.150683266335538,0,no,yes,yes,yes,yes,yes,no,no,5,12.078380910095149,12.77276775925412,1,1,3,15.204684854454008,12,12,12
GP,F,18,U,GT3,T,1,1,other,other,home,mother,2,14.440544998749212,0,yes,no,no,yes,yes,yes,yes,no,5,9.574356013027112,15.847509801266986,1,1,4,17.491147184832872,8,9,10
GP,F,17,U,GT3,T,2,2,other,other,course,mother,1,17.76017773706553,0,no,yes,no,no,no,yes,yes,no,5,9.359173679183508,16.116123576538406,1,2,5,17.31721311951326,10,9,11
GP,M,17,U,GT3,T,1,1,other,other,reputation,father,1,13.08999888483106,0,no,no,yes,no,no,yes,yes,no,4,14.684481606354757,13.987758853555272,1,2,4,16.413449015266462,12,10,11
GP,F,18,U,GT3,T,2,2,at_home,at_home,other,mother,1,27.816687402826844,0,no,yes,yes,no,yes,yes,yes,no,4,18.069109275389906,-0.182465678236086,1,2,2,2.514374421961379,18,18,19
GP,F,17,U,GT3,T,1,1,services,teacher,reputation,mother,1,16.66332076020322,0,no,yes,yes,no,yes,yes,yes,no,4,11.81322144365499,13.057902979820328,1,1,3,13.357907554149422,13,12,12
GP,M,18,U,GT3,T,2,1,services,services,reputation,mother,1,18.71441011113649,0,no,no,yes,yes,yes,yes,yes,no,4,16.148665229380494,9.690196239350248,1,3,2,11.023330174180693,15,14,14
GP,M,18,U,LE3,A,4,4,teacher,teacher,reputation,mother,1,23.37154130385672,0,no,yes,yes,yes,yes,yes,yes,no,5,14.314892254528305,5.545910601357042,1,1,2,8.525430670912325,15,13,15
GP,M,18,U,GT3,T,4,2,teacher,other,home,mother,1,15.160331910528816,0,no,yes,yes,yes,yes,yes,yes,yes,4,13.54311498967023,14.246032128345307,1,4,5,17.315022404334474,12,11,11
GP,F,17,U,GT3,T,4,3,health,services,reputation,mother,1,23.25586399771322,0,no,yes,yes,no,yes,yes,yes,no,4,14.868157367319483,8.100203871516742,1,2,3,9.38612035629754,15,15,15
GP,F,18,U,LE3,T,2,1,services,at_home,reputation,mother,1,19.302195572797533,1,no,no,no,no,yes,yes,yes,yes,5,11.073590401259729,10.174331515356716,1,1,5,13.932893078087778,12,12,13
GP,F,17,R,LE3,T,3,1,services,other,reputation,mother,2,29.15565023340725,0,no,yes,yes,no,yes,yes,no,no,3,20.007271345711,5.372892922914998,1,1,3,4.678486954347755,18,18,18
GP,M,18,R,LE3,T,3,2,services,other,reputation,mother,2,22.741754377653944,0,no,yes,yes,yes,yes,yes,yes,no,5,12.697971652000213,10.852002654369674,1,1,4,10.283276982517089,14,13,14
GP,M,17,U,GT3,T,3,3,health,other,home,mother,1,10.747163121295175,0,no,yes,yes,no,yes,yes,yes,no,4,10.653171480352132,14.262012559339448,1,3,5,16.57328863501411,14,12,11
GP,F,19,U,GT3,T,4,4,health,other,reputation,other,2,0.2218064474123621,0,no,yes,yes,yes,yes,yes,yes,no,2,3.547441582920176,30.90570581294113,2,3,2,35.08056993101799,10,9,0
GP,F,18,U,LE3,T,4,3,other,other,home,other,2,11.18410513558226,0,no,yes,yes,no,yes,yes,yes,yes,4,6.020511859149628,17.323323295063535,1,2,2,22.637433503637745,10,8,8
GP,F,18,U,GT3,T,4,3,other,other,reputation,father,1,20.086853280980225,0,no,yes,yes,no,yes,yes,yes,no,4,14.663384023173872,9.135217333171497,1,1,3,9.899892278303835,14,13,14
GP,M,18,U,LE3,T,4,4,teacher,teacher,home,mother,1,26.259017964603743,0,no,yes,yes,no,yes,yes,yes,yes,1,16.078695556766363,6.284203996892254,2,2,1,7.498030023872409,16,15,16
GP,F,18,U,LE3,A,4,4,health,other,home,mother,1,15.022614430102603,0,no,yes,no,no,yes,yes,yes,yes,4,11.309379716337464,14.798209181353815,1,1,4,16.0901111598823,12,10,11
GP,M,17,U,LE3,T,4,4,other,teacher,home,father,2,12.75202309840151,0,no,no,yes,no,yes,yes,yes,no,4,9.46657865044488,15.923085711912131,2,2,5,17.386310953979535,11,11,10
GP,F,17,U,GT3,T,4,2,other,other,reputation,mother,2,21.810472262951127,0,no,yes,yes,no,yes,yes,yes,no,4,12.061007417412632,10.951961030232551,1,1,3,11.132284079533084,15,12,14
GP,F,17,U,GT3,T,3,2,health,health,reputation,father,1,30.486602008709543,0,no,yes,yes,yes,no,yes,yes,no,5,19.01214419487204,2.081369258522254,1,2,5,3.416861910038999,17,17,18
GP,M,19,U,GT3,T,3,3,other,other,home,other,1,22.71575550955892,1,no,yes,no,yes,yes,yes,yes,yes,4,15.195270000414745,11.790669901977846,1,1,3,12.946774438953067,15,14,13
GP,F,18,U,GT3,T,2,4,services,at_home,reputation,other,1,17.992051552521506,1,no,yes,yes,yes,yes,yes,yes,no,4,11.21170480451122,14.479283223129835,1,1,3,13.602287024223381,14,12,12
GP,M,20,U,GT3,A,3,2,services,other,course,other,1,29.93485137315056,0,no,no,no,yes,yes,yes,no,no,5,16.798741817725222,3.7892857388148977,1,1,5,2.491052437860734,17,18,18
GP,M,19,U,GT3,T,4,4,teacher,services,reputation,other,2,9.032415505226496,1,no,yes,yes,no,yes,yes,yes,yes,4,6.495944110177927,18.078177080589107,1,1,4,21.754491424782156,8,9,8
GP,M,19,R,GT3,T,3,3,other,services,reputation,father,1,16.492550923336125,1,no,no,no,yes,yes,yes,no,yes,4,9.638547779651812,11.122828418714931,1,2,5,15.180627285593737,15,12,12
GP,F,19,U,LE3,T,1,1,at_home,other,reputation,other,1,11.316079124841233,1,yes,yes,no,yes,no,yes,yes,no,4,11.447495022089498,16.299671137598875,1,3,3,18.776135623112864,12,10,10
GP,F,19,U,LE3,T,1,2,services,services,home,other,1,-1.7504570390271346,1,no,no,no,yes,no,yes,no,yes,4,0.0015971586250594,31.22959056841884,2,2,3,36.83641149753024,9,9,0
GP,F,19,U,GT3,T,2,1,at_home,other,other,other,3,18.227572824648924,0,no,yes,no,no,yes,no,yes,yes,3,12.967827525972334,9.473949062124232,1,1,2,13.635683126095191,14,12,13
GP,M,19,U,GT3,T,1,2,other,services,course,other,1,17.84820269831197,1,no,no,no,no,no,yes,yes,no,4,12.169420353723815,14.58669838160659,2,2,4,16.6757049532393,13,11,11
GP,F,19,U,LE3,T,3,2,services,other,reputation,other,2,17.077232290393656,1,no,yes,yes,no,no,yes,yes,yes,4,13.083002458886536,14.09980072468111,1,2,1,15.794893512700233,13,10,11
GP,F,19,U,GT3,T,1,1,at_home,health,home,other,1,19.23452899909273,2,no,no,no,no,no,yes,yes,yes,4,13.02720257629023,10.132849493209225,1,1,3,12.843257354386317,15,13,13
GP,F,19,R,GT3,T,2,3,other,other,reputation,other,1,19.278092018836603,1,no,no,no,no,yes,yes,yes,yes,4,8.16299439466331,13.542984634206755,1,1,3,14.940903070963445,13,11,11
GP,F,18,U,GT3,T,2,1,services,other,course,mother,2,-0.7061143094368978,0,no,yes,yes,yes,yes,yes,yes,no,5,1.108451140991374,29.244803166568325,1,2,1,37.90872458327644,8,8,0
GP,F,18,U,GT3,T,4,3,other,other,course,mother,1,13.140317555477022,0,no,yes,yes,yes,yes,yes,yes,yes,4,7.983783487232217,16.61290748357332,1,1,5,18.751931587896795,9,10,9
GP,F,17,R,GT3,T,3,4,at_home,services,course,father,1,14.74588482378978,0,no,yes,yes,yes,no,yes,yes,no,4,12.270167438288569,14.672313421674083,2,5,5,18.183902024832808,11,11,10
GP,F,18,U,GT3,T,4,4,teacher,other,course,mother,1,16.65117117627746,0,no,yes,yes,no,yes,yes,yes,no,4,10.40265865901578,16.535361213919643,3,3,5,15.97506528783227,11,11,11
GP,F,17,U,GT3,A,4,3,services,services,course,mother,1,17.66487045438366,0,no,yes,yes,no,yes,yes,yes,yes,5,13.925273509354426,9.619273528169415,1,2,5,13.718472336611589,13,13,13
GP,F,17,U,GT3,T,2,2,other,other,course,mother,1,14.153641671913997,0,no,yes,no,no,yes,yes,no,yes,4,10.258174886515745,17.177044517712694,1,1,3,20.613993563259694,11,9,9
GP,F,17,R,LE3,T,2,2,services,services,course,mother,1,14.80431363346159,0,no,yes,yes,yes,yes,yes,yes,no,3,9.681391441420391,14.07110600446432,2,2,3,15.530654622380062,11,11,11
GP,F,17,U,GT3,T,3,1,services,services,course,father,1,23.43201015413736,0,no,yes,no,no,no,yes,yes,no,3,15.627738608652136,8.62920839529328,2,3,5,8.665732995005103,12,14,15
GP,F,17,U,LE3,T,0,2,at_home,at_home,home,father,2,20.76728457685568,0,no,no,no,no,yes,yes,yes,no,3,15.391735034026809,7.067234856450455,2,3,2,7.991687631970411,16,15,15
GP,M,18,U,GT3,T,4,4,other,other,course,mother,1,17.5901787560868,0,no,no,no,yes,yes,yes,yes,no,4,11.36098995573897,14.797158208432265,2,2,3,15.260013621015919,9,12,11
GP,M,17,U,GT3,T,3,3,other,services,reputation,mother,1,22.39533249116344,0,no,no,no,yes,no,yes,yes,no,4,18.758729515881765,6.747541538895214,3,5,5,7.602464298022914,14,15,16
GP,M,17,R,GT3,T,2,2,services,other,course,mother,4,14.062536841699318,0,no,yes,no,no,yes,yes,yes,no,4,10.648065683427172,14.247493385014856,5,5,4,18.4560990506115,11,10,10
GP,F,17,U,GT3,T,4,4,teacher,services,course,mother,1,14.430821423357363,0,no,yes,yes,yes,yes,yes,yes,no,5,9.585884006286555,16.674951916395866,1,3,4,20.734104551078453,10,9,9
GP,F,17,U,GT3,T,4,4,teacher,teacher,course,mother,2,21.35196424153466,0,no,yes,yes,no,no,yes,yes,yes,4,14.596986976702397,8.875280588508437,1,2,4,10.16044570587029,14,14,14
GP,M,18,U,LE3,T,2,2,other,other,course,mother,1,12.82371874795746,0,no,yes,no,yes,yes,yes,yes,no,4,4.788306485666728,16.1120438445873,2,4,5,22.474630913781386,9,8,8
GP,F,17,R,GT3,T,2,4,at_home,other,course,father,1,15.910753168608233,0,no,yes,no,no,yes,yes,yes,yes,4,13.128861296145738,10.182287764664794,1,1,5,11.049669592211934,12,14,14
GP,F,18,U,GT3,T,3,3,services,services,home,mother,1,0.5294338970277132,0,no,no,no,yes,yes,yes,yes,no,5,-0.5877375939740221,30.44144522523594,1,1,4,37.197165541595965,7,0,0
GP,F,18,U,LE3,T,2,2,other,other,home,other,1,-0.4741071966671281,0,no,no,no,yes,no,yes,yes,yes,4,-1.494586790795635,32.08478012024679,1,1,2,35.80931175439912,8,8,0
GP,F,18,R,GT3,T,2,2,at_home,other,course,mother,2,-0.5898169319079963,0,no,no,no,yes,yes,yes,no,no,4,-3.175475982324873,30.77592794232482,1,1,4,39.49097467004138,10,9,0
GP,F,17,U,GT3,T,3,4,services,other,course,mother,1,25.277788302775903,0,no,no,no,no,yes,yes,yes,no,4,15.880717609885387,8.702048072195712,1,3,5,9.364824556983287,16,15,15
GP,F,19,R,GT3,A,3,1,services,at_home,home,other,1,20.582492627190064,1,no,no,yes,no,yes,yes,no,no,5,11.23534459377061,11.738923834142536,1,2,5,11.118335401169338,14,13,13
GP,F,17,U,GT3,T,3,2,other,other,home,mother,1,0.4576867995827902,0,no,yes,yes,no,yes,yes,yes,yes,4,2.8386997768845075,30.872360876619837,2,3,2,35.422572093816115,7,8,0
GP,F,18,U,LE3,T,3,3,services,services,home,mother,1,25.697896914818514,0,no,yes,no,no,yes,yes,yes,no,5,13.760732192435317,5.799147852838078,1,1,1,6.592856672207013,16,15,17
GP,F,17,R,GT3,A,3,2,other,other,home,mother,1,16.230749513554926,0,no,yes,yes,no,yes,yes,yes,no,4,9.72732553620719,16.451490405122353,2,3,2,19.008833820662332,9,10,10
GP,F,19,U,GT3,T,2,1,services,services,home,other,1,15.760155415221211,1,no,no,yes,yes,yes,yes,yes,yes,4,7.032148465202992,12.353597866757804,1,3,3,15.732256303830887,11,12,11
GP,M,18,U,GT3,T,4,4,teacher,services,home,father,1,-2.401621479919555,1,no,yes,no,yes,yes,yes,yes,no,4,-0.5193425908062583,30.841681746793725,2,2,2,38.14532571599327,10,10,0
GP,M,18,U,LE3,T,3,4,services,other,home,mother,1,22.70737871622413,0,no,no,no,yes,yes,yes,yes,yes,4,16.626371013928903,8.723191978187678,1,3,5,11.080195040885918,16,15,15
GP,F,17,U,GT3,A,2,2,at_home,at_home,home,father,1,-0.9110403082726268,1,no,yes,no,no,yes,yes,yes,yes,3,1.842088670892115,29.680601941523896,1,2,4,36.46828729323075,9,8,0
GP,F,18,U,GT3,T,2,3,at_home,other,course,mother,1,14.229605323517305,0,no,yes,no,no,yes,yes,yes,no,4,9.008108457650422,14.227854187591488,1,2,3,17.796434729150306,11,10,10
GP,F,18,U,GT3,T,3,2,other,services,other,mother,1,18.49860599791121,0,no,no,no,no,yes,yes,yes,yes,5,15.78190244596565,7.277433127060802,2,3,1,10.500742565043776,13,13,14
GP,M,18,R,GT3,T,4,3,teacher,services,course,mother,1,21.89454189240536,0,no,no,no,no,yes,yes,yes,yes,5,15.75169285314188,8.178293340935845,1,2,4,5.724963866923018,16,15,16
GP,M,18,U,GT3,T,4,3,teacher,other,course,mother,1,12.999169635785975,0,no,yes,yes,no,yes,yes,yes,yes,5,10.34920733511492,17.488508969337303,2,3,5,20.65221359623334,10,10,9
GP,F,17,U,GT3,T,4,3,health,other,reputation,mother,1,23.16580159470461,0,no,yes,yes,yes,yes,yes,yes,yes,4,16.906959617907624,6.590904142123781,1,3,4,8.667729750656111,13,15,15
MS,M,18,R,GT3,T,3,2,other,other,course,mother,2,18.50052876378737,1,no,yes,no,no,no,yes,yes,no,2,13.227392076789114,11.36590587420525,5,5,5,12.038869338468757,11,13,13
MS,M,19,R,GT3,T,1,1,other,services,home,other,3,13.399544212246036,3,no,no,no,no,yes,yes,yes,no,5,6.533487817852294,18.192216232557197,3,3,2,21.708103332993627,8,7,8
MS,M,17,U,GT3,T,3,3,health,other,course,mother,2,19.989580656791954,0,no,yes,yes,no,yes,yes,yes,no,4,15.571232982682483,12.115183972530726,2,3,3,12.544857294208715,13,13,13
MS,M,18,U,LE3,T,1,3,at_home,services,course,mother,1,15.16857601891394,1,no,no,no,no,yes,no,yes,yes,4,7.108300068060105,15.696965686043924,2,3,3,21.89856018918813,8,7,8
MS,M,19,R,GT3,T,1,1,other,other,home,other,3,13.855879255682654,1,no,yes,no,no,yes,yes,yes,no,4,7.222295526141972,17.899686649587704,3,3,5,21.48356329596375,8,8,8
MS,M,17,R,GT3,T,4,3,services,other,home,mother,2,16.278300245626244,0,no,yes,yes,yes,no,yes,yes,yes,4,14.560836129107429,13.412447589005575,1,3,2,15.188336006385573,13,11,11
MS,F,18,U,GT3,T,3,3,services,services,course,father,1,13.489077376963504,0,no,yes,no,no,yes,yes,no,yes,5,10.876982499710264,16.834469668546202,1,1,5,18.950020748570246,10,9,9
MS,F,17,R,GT3,T,4,4,teacher,services,other,father,2,19.437068685794305,0,no,yes,yes,yes,yes,yes,yes,no,4,15.78123103817388,10.978527705213509,1,2,5,13.017491505912963,12,13,13
MS,F,17,U,LE3,A,3,2,services,other,reputation,mother,2,17.839962336652228,0,no,no,no,no,yes,yes,no,yes,1,14.39404713358541,13.51829601767331,1,2,5,16.983277331484462,12,12,11
MS,M,18,U,LE3,T,1,1,other,services,home,father,2,17.120243242443767,0,no,no,no,no,no,yes,yes,yes,3,11.41960046974972,16.50298595571382,1,2,3,19.636418356210136,10,10,10
MS,F,18,U,LE3,T,1,1,at_home,services,course,father,2,25.131958671377586,0,no,no,no,no,yes,yes,yes,no,5,15.167412938444434,5.769926419312974,1,1,4,7.441649501878077,18,16,16
MS,F,18,R,LE3,A,1,4,at_home,other,course,mother,3,20.05391797173764,0,no,no,no,no,yes,yes,no,yes,4,17.17272161866117,11.420011365012712,1,4,5,15.202716721735598,13,13,13
MS,M,18,R,LE3,T,1,1,at_home,other,other,mother,2,16.687660026953942,1,no,no,no,yes,no,no,no,no,4,9.487636259478888,12.775757524905067,2,3,5,14.685157043211147,13,12,12
MS,F,18,U,GT3,T,3,3,services,services,other,mother,2,14.581490503086098,0,no,yes,no,no,yes,yes,yes,yes,4,5.74888836723158,15.751290364904149,1,3,3,18.46701113716622,11,11,10
MS,F,17,U,LE3,T,4,4,at_home,at_home,course,mother,1,22.191101754631017,0,no,yes,yes,yes,yes,yes,yes,yes,2,17.508092759523862,6.263096499596519,1,1,1,8.84842110872923,16,15,15
MS,F,17,R,GT3,T,1,2,other,services,course,father,2,15.12240876179146,0,no,no,no,no,no,yes,no,no,3,10.322470258155144,10.97830107377541,1,2,3,13.437684230269578,12,11,12
MS,M,18,R,GT3,T,1,3,at_home,other,course,mother,2,14.570850749243526,0,no,yes,yes,no,yes,yes,no,no,3,8.845720592169108,15.608994586376376,2,4,3,18.09098153361757,10,10,10
MS,M,18,U,LE3,T,4,4,teacher,services,other,mother,2,20.810460569177355,0,no,no,yes,no,yes,yes,yes,yes,4,10.823305313445978,9.864551959281322,2,2,5,12.366986556064903,13,13,13
MS,F,17,R,GT3,T,1,1,other,services,reputation,mother,3,1.5593728078708504,1,no,yes,yes,no,yes,yes,yes,yes,5,2.9654989672887657,28.62647247301065,1,2,1,39.77075956545687,7,6,0
MS,F,18,U,GT3,T,2,3,at_home,services,course,father,2,12.548091415187928,0,no,yes,yes,no,yes,yes,yes,yes,5,10.493853689795356,15.213159290317671,1,2,4,19.494628656573095,11,10,10
MS,F,18,R,GT3,T,4,4,other,teacher,other,father,3,13.910672123285638,0,no,yes,yes,no,no,yes,yes,yes,3,9.165979021830411,14.89964826955559,4,2,5,14.84617266890045,14,12,11
MS,F,19,U,LE3,T,3,2,services,services,home,other,2,15.055814943480277,2,no,no,no,yes,yes,yes,no,yes,3,6.999056162837344,16.462545619317,1,1,3,19.174634006761096,7,7,9
MS,M,18,R,LE3,T,1,2,at_home,services,other,father,3,16.374682119403857,0,no,yes,yes,yes,yes,no,yes,yes,4,11.979830747537603,12.347688089054374,2,3,3,14.004168817422476,14,12,12
MS,F,17,U,GT3,T,2,2,other,at_home,home,mother,1,13.604013585291092,0,no,no,no,yes,yes,yes,no,yes,3,12.612224750089757,16.600048779398826,1,1,3,17.104879134461097,13,11,11
MS,F,17,R,GT3,T,1,2,other,other,course,mother,1,10.83949844462087,0,no,no,no,yes,yes,yes,yes,no,3,7.014264790219082,23.982677348669736,1,3,1,28.764196423257673,6,5,5
MS,F,18,R,LE3,T,4,4,other,other,reputation,mother,2,26.05980801210927,0,no,no,no,no,yes,yes,yes,no,5,19.5333983201646,0.8722235079171419,1,1,1,1.3599506608566705,19,18,19
MS,F,18,R,GT3,T,1,1,other,other,home,mother,4,14.243061212319338,0,no,no,no,no,yes,yes,yes,no,4,11.432594457448026,15.769792942413249,1,2,4,18.37233295790359,8,8,10
MS,F,20,U,GT3,T,4,2,health,other,course,other,2,23.827053562882494,2,no,yes,yes,no,no,yes,yes,yes,5,16.06114893495743,8.427072005229562,1,1,3,8.28632032699527,15,14,15
MS,F,18,R,LE3,T,4,4,teacher,services,course,mother,1,13.39005718251468,0,no,no,yes,yes,yes,yes,yes,no,5,9.208794449650512,14.322309555803908,3,4,2,19.85514499439236,8,9,10
MS,F,18,U,GT3,T,3,3,other,other,home,mother,1,21.68304462171979,0,no,no,yes,no,yes,yes,yes,yes,4,16.685341200791164,6.649615851310795,1,2,1,10.881057000967383,15,15,15
MS,F,17,R,GT3,T,3,1,at_home,other,reputation,mother,1,15.938202006764827,0,no,yes,yes,yes,no,yes,yes,no,4,8.466598315458603,15.063209333781296,2,3,1,18.01691917676997,10,10,10
MS,M,18,U,GT3,T,4,4,teacher,teacher,home,father,1,19.609763768861527,0,no,no,yes,yes,no,yes,yes,no,3,14.5518947655469,11.110867080425042,1,4,2,10.09299542528939,15,14,14
MS,M,18,R,GT3,T,2,1,other,other,other,mother,2,12.925539597947637,0,no,no,no,yes,no,yes,yes,yes,4,7.461352629885159,18.58778168713862,1,3,5,24.292666145976096,7,6,7
MS,M,17,U,GT3,T,2,3,other,services,home,father,2,14.478773745924096,0,no,no,no,yes,yes,yes,yes,no,4,10.420378126898443,16.004890090779067,1,1,3,18.627929816290816,11,11,10
MS,M,19,R,GT3,T,1,1,other,services,other,mother,2,-1.1576454353748644,1,no,no,no,no,yes,yes,no,no,4,-1.906067658878552,29.10991880688356,1,3,5,36.67076710510954,6,5,0
MS,M,18,R,GT3,T,4,2,other,other,home,father,2,6.860190193777817,1,no,no,yes,no,yes,yes,no,no,5,4.359603898849271,23.16332471295634,4,3,3,28.12911773683943,6,5,5
MS,F,18,R,GT3,T,2,2,at_home,other,other,mother,2,15.638024531897331,0,no,no,yes,no,yes,yes,no,no,5,8.552956831975061,16.8594190242174,1,3,4,18.563427832781734,10,9,10
MS,F,18,R,GT3,T,4,4,teacher,at_home,reputation,mother,3,8.115423873695555,0,no,yes,yes,yes,yes,yes,yes,yes,4,6.830909575550296,20.333435226929325,2,2,5,27.505495776924203,6,5,6
MS,F,19,R,GT3,T,2,3,services,other,course,mother,1,-1.0866408606684084,1,no,no,no,yes,no,yes,yes,no,5,-2.34753707426954,31.59766794118581,1,2,5,36.0661251535271,7,5,0
MS,F,18,U,LE3,T,3,1,teacher,services,course,mother,1,8.158865129152655,0,no,yes,yes,no,yes,yes,yes,no,4,7.41851703275339,18.62026247111812,1,1,1,21.643360894214936,7,9,8
MS,F,18,U,GT3,T,1,1,other,other,course,mother,2,-5.341463120962976,1,no,no,no,yes,yes,yes,no,no,1,-2.686281300327728,29.39985741228855,1,1,5,37.713797736935625,6,5,0
MS,M,20,U,LE3,A,2,2,services,services,course,other,1,13.852568285566806,2,no,yes,yes,no,yes,yes,no,no,5,10.296856206246831,17.74669907934465,4,5,4,18.93667463958028,9,9,9
MS,M,17,U,LE3,T,3,1,services,services,course,mother,2,29.19813043001252,0,no,no,no,no,no,yes,yes,no,2,17.173625767143243,6.012531547889385,3,4,2,7.494871836541519,14,16,16
MS,M,21,R,GT3,T,1,1,other,other,course,other,1,8.969667372368779,3,no,no,no,no,no,yes,no,no,5,6.568687698873591,19.21046644428353,3,3,3,22.562314891864496,10,8,7
MS,M,18,R,LE3,T,3,2,services,other,course,mother,3,17.10680496158929,0,no,no,no,no,no,yes,yes,no,4,7.579922847002494,15.028312342307364,3,4,5,16.77547539079155,11,12,10
MS,M,19,U,LE3,T,1,1,other,at_home,course,father,1,13.682515689250687,0,no,no,no,no,yes,yes,yes,no,3,9.244927383256872,16.292615377436295,3,3,5,21.317512239895883,8,9,9
